"axy_ar","se_ar","clusters","boxsize"
-0.204833182289981,0.0147219768807944,"All",0.5
-0.437933424734014,0.0478699104744161,"Cluster1",0.0987654320987654
-0.0907783463290254,0.0207646511192791,"Cluster2",0.302469135802469
-0.20427581321932,0.0368668010343034,"Cluster3",0.108024691358025
-0.487528230972988,0.0348318006029289,"Cluster4",0.126543209876543
-0.120947130232427,0.0265490970307364,"Cluster5",0.212962962962963
-0.237684325867935,0.0352656397272162,"Cluster6",0.151234567901235
